Name,Address,Postcode,Phone,Credit Limit,Birthday
"Johnson, John",Voorstraat 32,3122gg,020 3849381,10000,01/01/1987
"Anderson, Paul",Dorpsplein 3A,4532 AA,030 3458986,109093,03/12/1965
"Wicket, Steve",Mendelssohnstraat 54d,3423 ba,0313-398475,934,03/06/1964
"Benetar, Pat",Driehoog 3zwart,2340 CC,06-28938945,54,04/09/1964
"Gibson, Mal",Vredenburg 21,3209 DD,06-48958986,54.5,09/11/1978
"Friendly, User",Sint Jansstraat 32,4220 EE,0885-291029,63.6,10/08/1980
"Smith, John",Börkestraße 32,87823,+44 728 889838,9898.1,20/09/1999